Species	Filename	URL	Bytes
Homo sapiens	h_sapiens_afdb_v4.jmfsgeom	https://drive.google.com/file/d/10vOUZsxGoJo9XWOsTjfDT8gd74-ZI6YS/view?usp=drive_link	85304439
Model proteomes	afdb_proteome_v4.jmfsgeom	https://drive.google.com/file/d/1PT2SS3a8QYyv0wH9jAB8_fqhQgv7difV/view?usp=drive_link	823085796
SwissProt	afdb_swissprot_v4.jmfsgeom	https://drive.google.com/file/d/1CbigbQIIxnvAo7j3Ulrh994TrGVJVCoT/view?usp=drive_link	1126107978
BFVD (Viruses)	bfvd.jmfsgeom	https://drive.google.com/file/d/1mWbpU6xnhyuJ1xtUk83_j_UzTTe1Qvr8/view?usp=drive_link	403512657
Nufold (RNA)	nufold_rank1_20260829.jmfsgeom	https://drive.google.com/file/d/1No-Bbn0tyyk9Qke-zj3ZHlCnrjJJHKsm/view?usp=drive_link	421261448
PDB	pdb_bioassembly_folddisco_matched_20260529.jmfsgeom	https://drive.google.com/file/d/1rPTNF3Pz3tRn1jdgyuXYuDxQe9jS98fE/view?usp=drive_link	2407216820
Ajellomyces capsulatus	UP000001631_447093_AJECG_v4.jmfsgeom	https://drive.google.com/file/d/1nFI6GmUnxUQoiORHLOk_4VmGv3mgscal/view?usp=drive_link	27981434
Brugia malayi	UP000006672_6279_BRUMA_v4.jmfsgeom	https://drive.google.com/file/d/1SfJ6ZhqZ8RFZMLQzdy5B-ZamZHiL5vYT/view?usp=drive_link	25915110
Campylobacter jejuni	UP000000799_192222_CAMJE_v4.jmfsgeom	https://drive.google.com/file/d/1bHjpkEIZ_b92OiJuA3q4Ds7OhxGv0kPO/view?usp=drive_link	3514770
Cladophialophora carrionii	UP000094526_86049_9EURO1_v4.jmfsgeom	https://drive.google.com/file/d/1Zcij2P3TgBRJTgnmy7JiPtoIkKyBBgnD/view?usp=drive_link	35622937
Fonsecaea pedrosoi	UP000053029_1442368_9EURO2_v4.jmfsgeom	https://drive.google.com/file/d/1u6Uzf1POEApkBoiWVInWzBaf2p9edXrg/view?usp=drive_link	41451232
Haemophilus influenzae	UP000000579_71421_HAEIN_v4.jmfsgeom	https://drive.google.com/file/d/1kfkpmuEfp14j9Wk6xeBlpLNmizwqcAFE/view?usp=drive_link	3553353
Helicobacter pylori	UP000000429_85962_HELPY_v4.jmfsgeom	https://drive.google.com/file/d/17F5on2IBEiuX-W1hWVaku24nAa7Pi2Lr/view?usp=drive_link	3337084
Klebsiella pneumoniae	UP000007841_1125630_KLEPH_v4.jmfsgeom	https://drive.google.com/file/d/1BUZUgTJbHJPCwZ1m6GTnG_Ij0rpFQ1Bo/view?usp=drive_link	11483540
Leishmania infantum	UP000008153_5671_LEIIN_v4.jmfsgeom	https://drive.google.com/file/d/1PHiAFSR1XleSukcqHgDTTSWtTlbR4LGB/view?usp=drive_link	31642180
Madurella mycetomatis	UP000078237_100816_9PEZI1_v4.jmfsgeom	https://drive.google.com/file/d/1wL0Gw5DEKJR1rt5CdTY11el9HPK77YX5/view?usp=drive_link	31754544
Mycobacterium leprae	UP000000806_272631_MYCLE_v4.jmfsgeom	https://drive.google.com/file/d/1M-Cn41SzEOykNI2YpAgCzUfi0SucX6rJ/view?usp=drive_link	3704494
Mycobacterium tuberculosis	UP000001584_83332_MYCTU_v4.jmfsgeom	https://drive.google.com/file/d/1wGWAE4zJSoj2URxSwF-rZXnCF1uxnrRX/view?usp=drive_link	9095586
Neisseria gonorrhoeae	UP000000535_242231_NEIG1_v4.jmfsgeom	https://drive.google.com/file/d/1HHHpd5KzLiAfELuSNZTZ1gIwYYf6zlcf/view?usp=drive_link	4000882
Nocardia brasiliensis	UP000006304_1133849_9NOCA1_v4.jmfsgeom	https://drive.google.com/file/d/1EzFKD3jh33_ymAjI1kyrgwfxtIsLgs8Z/view?usp=drive_link	18373374
Onchocerca volvulus	UP000024404_6282_ONCVO_v4.jmfsgeom	https://drive.google.com/file/d/1kVQteznA2qbqwQoz2K2ux8vHGu1v00k0/view?usp=drive_link	32550121
Paracoccidioides lutzii	UP000002059_502779_PARBA_v4.jmfsgeom	https://drive.google.com/file/d/1UXlffTAJpI8ph86wSRjclrsH3QnpZi2t/view?usp=drive_link	26577951
Plasmodium falciparum	UP000001450_36329_PLAF7_v4.jmfsgeom	https://drive.google.com/file/d/1olewHj3w6PPYcPAB7s23-TFXJVQQ0kzP/view?usp=drive_link	22556001
Pseudomonas aeruginosa	UP000002438_208964_PSEAE_v4.jmfsgeom	https://drive.google.com/file/d/1Xp1erRWttjWDI8yaukkevrLBIEydiGB9/view?usp=drive_link	12690239
Salmonella typhimurium	UP000001014_99287_SALTY_v4.jmfsgeom	https://drive.google.com/file/d/1cELdWRPQJvthL5OpTzFuv3-QPdqS6gAr/view?usp=drive_link	9809238
Schistosoma mansoni	UP000008854_6183_SCHMA_v4.jmfsgeom	https://drive.google.com/file/d/18VLPoklYPqufDyaQTn0Jogm7v9G7t-Cz/view?usp=drive_link	51439930
Shigella dysenteriae	UP000002716_300267_SHIDS_v4.jmfsgeom	https://drive.google.com/file/d/1Ho6Y_Blt-4Zx53v6mkrQro37r22BQfNJ/view?usp=drive_link	7634236
Sporothrix schenckii	UP000018087_1391915_SPOS1_v4.jmfsgeom	https://drive.google.com/file/d/1wpTdlGPjXvccuJK7ke0D8EdUWtFSEZrf/view?usp=drive_link	31902202
Staphylococcus aureus	UP000008816_93061_STAA8_v4.jmfsgeom	https://drive.google.com/file/d/1Jk67LvYnvE3V1elq54w-h3W1lIaEl16S/view?usp=drive_link	5512460
Streptococcus pneumoniae	UP000000586_171101_STRR6_v4.jmfsgeom	https://drive.google.com/file/d/1S7sWopvboQM2HeCPKVoYp0I0JCFXUiYq/view?usp=drive_link	4092964
Strongyloides stercoralis	UP000035681_6248_STRER_v4.jmfsgeom	https://drive.google.com/file/d/1lHMTWRe2hHWmawFVAVjd58ZiT07OdZj-/view?usp=drive_link	37800201
Trichuris trichiura	UP000030665_36087_TRITR_v4.jmfsgeom	https://drive.google.com/file/d/1_dkOgs8tgCT8mfQJVbhABpHfyrrHA6j3/view?usp=drive_link	27599306
Trypanosoma brucei	UP000008524_185431_TRYB2_v4.jmfsgeom	https://drive.google.com/file/d/160ubIamlhSqTsxLM6yXoCofsMQjSH5wr/view?usp=drive_link	27662705
Trypanosoma cruzi	UP000002296_353153_TRYCC_v4.jmfsgeom	https://drive.google.com/file/d/1BGo4s1ufHkjVXJ9GHFCo42MfY4l04Mez/view?usp=drive_link	61051127
Wuchereria bancrofti	UP000270924_6293_WUCBA_v4.jmfsgeom	https://drive.google.com/file/d/1iwUbiDguQD6jCbShGbVQJIzLaxlXZ8i8/view?usp=drive_link	28378142
Enterococcus faecium	UP000325664_1352_ENTFC_v4.jmfsgeom	https://drive.google.com/file/d/1anzXzOt3LUNbJxp5VlgSg8e9c1IVfCsN/view?usp=drive_link	5797044
Mycobacterium ulcerans	UP000020681_1299332_MYCUL_v4.jmfsgeom	https://drive.google.com/file/d/1GCEOnLKYbPmxUgoTftewu8MD9elSqspS/view?usp=drive_link	12077441
